name,ID,female_vs_male_p.val,female_vs_male_p.adj,significant,female_vs_male_significant,female_vs_male_ratio,female_centered,male_centered
SHOT1,A0MZ66,3.18E-09,6.73E-10,TRUE,TRUE,-1.22,-0.609,0.609
TCAF2,A6NFQ2,9.99E-08,2.41E-05,TRUE,TRUE,-0.859,-0.43,0.43
BTBDB,A6QL63,2.35E-07,1.31E-04,TRUE,TRUE,0.637,0.319,-0.319
PDLI1,O00151,2.33E-06,0.00387,TRUE,TRUE,-0.859,-0.43,0.43
LEG9,O00182,7.28E-07,8.01E-04,TRUE,TRUE,0.993,0.497,-0.497
ODPX,O00330,1.21E-07,3.52E-05,TRUE,TRUE,-0.712,-0.356,0.356
MATN2,O00339,1.81E-06,0.00282,TRUE,TRUE,-0.683,-0.341,0.341
NCHL1,O00533,2.98E-06,0.00514,TRUE,TRUE,-1.03,-0.517,0.517
PIR,O00625,1.78E-05,0.0318,TRUE,TRUE,-0.627,-0.313,0.313
NFIB,O00712,1.45E-05,0.0267,TRUE,TRUE,0.784,0.392,-0.392
HSPB6,O14558,1.08E-07,2.82E-05,TRUE,TRUE,0.957,0.479,-0.479
NCAN,O14594,7.52E-06,0.0144,TRUE,TRUE,2.26,1.13,-1.13
ABLM1,O14639,1.13E-07,3.08E-05,TRUE,TRUE,0.973,0.487,-0.487
ENC1,O14682,5.69E-07,5.55E-04,TRUE,TRUE,-0.641,-0.321,0.321
P5I11,O14683,7.23E-06,0.0138,TRUE,TRUE,0.628,0.314,-0.314
NHRF1,O14745,7.22E-07,7.92E-04,TRUE,TRUE,0.806,0.403,-0.403
PCD17,O14917,1.02E-05,0.0193,TRUE,TRUE,-1.17,-0.586,0.586
PLD2,O14939,7.29E-09,1.52E-08,TRUE,TRUE,0.944,0.472,-0.472
CLGN,O14967,1.77E-05,0.0316,TRUE,TRUE,1.06,0.528,-0.528
MAST4,O15021,3.79E-07,2.90E-04,TRUE,TRUE,0.614,0.307,-0.307
SYNEM,O15061,1.19E-09,9.18E-12,TRUE,TRUE,-0.891,-0.445,0.445
DCLK1,O15075,7.52E-07,8.39E-04,TRUE,TRUE,0.701,0.351,-0.351
ANGP2,O15123,9.24E-13,5.40E-14,TRUE,TRUE,2.6,1.3,-1.3
CETN3,O15182,9.50E-06,0.018,TRUE,TRUE,-0.772,-0.386,0.386
ZN185,O15231,6.84E-07,7.33E-04,TRUE,TRUE,-0.645,-0.322,0.322
CAN5,O15484,2.83E-05,0.0468,TRUE,TRUE,0.601,0.301,-0.301
DDX3Y,O15523,7.77E-07,8.76E-04,TRUE,TRUE,-3.49,-1.75,1.75
ASAP2,O43150,6.54E-06,0.0125,TRUE,TRUE,0.763,0.382,-0.382
GPR39,O43194,4.25E-08,3.14E-06,TRUE,TRUE,1.3,0.648,-0.648
B4GA1,O43505,2.38E-07,1.34E-04,TRUE,TRUE,0.609,0.304,-0.304
PM34,O43808,9.50E-06,0.018,TRUE,TRUE,-1.03,-0.513,0.513
TBCD4,O60343,6.46E-06,0.0124,TRUE,TRUE,0.825,0.413,-0.413
NRP2,O60462,9.78E-09,3.94E-08,TRUE,TRUE,-0.827,-0.414,0.414
GMDS,O60547,4.28E-08,3.19E-06,TRUE,TRUE,1.05,0.523,-0.523
ATS4,O75173,2.57E-05,0.0434,TRUE,TRUE,1.3,0.651,-0.651
ENTP3,O75355,1.05E-08,4.83E-08,TRUE,TRUE,1.29,0.646,-0.646
GPC4,O75487,1.22E-07,3.58E-05,TRUE,TRUE,-1.17,-0.583,0.583
PAK3,O75914,8.38E-06,0.0159,TRUE,TRUE,0.772,0.386,-0.386
SYUG,O76070,1.30E-07,4.07E-05,TRUE,TRUE,-0.956,-0.478,0.478
SLIT2,O94813,6.81E-12,5.40E-14,TRUE,TRUE,-1.38,-0.692,0.692
KBTBB,O94819,1.31E-05,0.0243,TRUE,TRUE,0.801,0.4,-0.4
SVIL,O95425,1.35E-09,1.67E-11,TRUE,TRUE,0.913,0.457,-0.457
ABCA1,O95477,3.10E-07,2.09E-04,TRUE,TRUE,-0.687,-0.344,0.344
AGRL2,O95490,5.90E-08,7.07E-06,TRUE,TRUE,-0.823,-0.412,0.412
NET1,O95631,8.37E-08,1.64E-05,TRUE,TRUE,-2.89,-1.44,1.44
IL33,O95760,1.29E-12,5.40E-14,TRUE,TRUE,2.87,1.44,-1.44
CAVN2,O95810,4.18E-09,1.98E-09,TRUE,TRUE,1.06,0.53,-0.53
BAG2,O95816,6.62E-08,9.37E-06,TRUE,TRUE,-0.874,-0.437,0.437
NUD14,O95848,7.91E-06,0.0151,TRUE,TRUE,-0.853,-0.426,0.426
FADS2,O95864,5.07E-08,4.92E-06,TRUE,TRUE,-0.98,-0.49,0.49
AL1A1,P00352,9.81E-15,5.40E-14,TRUE,TRUE,3.33,1.67,-1.67
EGFR,P00533,1.19E-07,3.44E-05,TRUE,TRUE,0.595,0.298,-0.298
TPA,P00750,1.96E-07,9.40E-05,TRUE,TRUE,0.761,0.381,-0.381
CAH2,P00918,1.51E-06,0.00224,TRUE,TRUE,0.698,0.349,-0.349
ASSY,P00966,2.46E-07,1.42E-04,TRUE,TRUE,0.829,0.414,-0.414
AACT,P01011,1.36E-05,0.0251,TRUE,TRUE,0.898,0.449,-0.449
DRA,P01906,3.38E-07,2.43E-04,TRUE,TRUE,-1.12,-0.558,0.558
DRB1,P01911,5.46E-09,5.41E-09,TRUE,TRUE,-1.26,-0.631,0.631
CO1A1,P02452,3.20E-11,5.40E-14,TRUE,TRUE,1.81,0.904,-0.904
CO3A1,P02461,4.91E-10,1.02E-13,TRUE,TRUE,1.65,0.827,-0.827
GCR,P04150,1.16E-05,0.0218,TRUE,TRUE,0.587,0.293,-0.293
DPB1,P04440,7.62E-09,1.76E-08,TRUE,TRUE,-1.03,-0.516,0.516
TYSY,P04818,7.30E-06,0.014,TRUE,TRUE,-0.795,-0.397,0.397
K1C18,P05783,1.12E-08,5.86E-08,TRUE,TRUE,-0.739,-0.369,0.369
K2C8,P05787,2.21E-07,1.17E-04,TRUE,TRUE,-0.757,-0.379,0.379
CALB1,P05937,1.28E-12,5.40E-14,TRUE,TRUE,2.86,1.43,-1.43
GELS,P06396,3.55E-08,1.97E-06,TRUE,TRUE,0.709,0.354,-0.354
CDK1,P06493,1.80E-05,0.032,TRUE,TRUE,-0.643,-0.321,0.321
CRF,P06850,1.95E-12,5.40E-14,TRUE,TRUE,-4.67,-2.34,2.34
NFL,P07196,1.09E-11,5.40E-14,TRUE,TRUE,-1.33,-0.666,0.666
NFM,P07197,4.12E-07,3.30E-04,TRUE,TRUE,-0.616,-0.308,0.308
CAH3,P07451,5.50E-08,5.99E-06,TRUE,TRUE,1.42,0.711,-0.711
IGF1R,P08069,1.36E-05,0.0252,TRUE,TRUE,-0.632,-0.316,0.316
CO1A2,P08123,1.01E-09,4.18E-12,TRUE,TRUE,1.41,0.705,-0.705
MGP,P08493,3.47E-09,9.50E-10,TRUE,TRUE,1.59,0.794,-0.794
MET,P08581,2.59E-07,1.54E-04,TRUE,TRUE,0.595,0.297,-0.297
ANXA5,P08758,4.78E-06,0.00903,TRUE,TRUE,0.616,0.308,-0.308
TPM1,P09493,3.59E-07,2.67E-04,TRUE,TRUE,-0.907,-0.454,0.454
GST2,P0CG29,1.83E-06,0.00286,TRUE,TRUE,3.77,1.88,-1.88
RAP2A,P10114,1.10E-07,2.95E-05,TRUE,TRUE,-0.908,-0.454,0.454
GTR1,P11166,1.90E-06,0.003,TRUE,TRUE,-0.773,-0.387,0.387
TOP2A,P11388,9.42E-08,2.13E-05,TRUE,TRUE,-0.787,-0.394,0.394
CO6A3,P12111,2.17E-06,0.00355,TRUE,TRUE,0.789,0.395,-0.395
RLBP1,P12271,2.13E-07,1.09E-04,TRUE,TRUE,2.25,1.13,-1.13
PTHR,P12272,7.64E-06,0.0146,TRUE,TRUE,1.11,0.554,-0.554
ANXA3,P12429,1.54E-09,3.11E-11,TRUE,TRUE,-0.913,-0.456,0.456
CY24A,P13498,2.55E-06,0.00431,TRUE,TRUE,-0.985,-0.492,0.492
NCAM1,P13591,2.34E-07,1.29E-04,TRUE,TRUE,0.914,0.457,-0.457
GFAP,P14136,1.65E-10,5.40E-14,TRUE,TRUE,1.25,0.625,-0.625
AMPN,P15144,2.84E-06,0.00487,TRUE,TRUE,0.672,0.336,-0.336
NQO1,P15559,1.68E-08,2.22E-07,TRUE,TRUE,-0.926,-0.463,0.463
NQO2,P16083,8.02E-10,1.27E-12,TRUE,TRUE,1.55,0.775,-0.775
MGMT,P16455,2.01E-05,0.0352,TRUE,TRUE,-1.39,-0.694,0.694
HMGA1,P17096,5.18E-07,4.81E-04,TRUE,TRUE,0.65,0.325,-0.325
JUNB,P17275,5.70E-06,0.0109,TRUE,TRUE,0.605,0.302,-0.302
CXA1,P17302,7.26E-06,0.0139,TRUE,TRUE,-0.8,-0.4,0.4
NEUM,P17677,4.57E-10,5.40E-14,TRUE,TRUE,-1.83,-0.915,0.915
FILA,P20930,1.43E-07,4.98E-05,TRUE,TRUE,1.37,0.683,-0.683
5NTD,P21589,2.51E-09,2.60E-10,TRUE,TRUE,-1.1,-0.549,0.549
CD9,P21926,4.91E-07,4.41E-04,TRUE,TRUE,0.936,0.468,-0.468
CADH3,P22223,7.76E-07,8.75E-04,TRUE,TRUE,0.779,0.39,-0.39
EST1,P23141,4.65E-07,4.04E-04,TRUE,TRUE,-1.63,-0.816,0.816
PTPRE,P23469,7.46E-07,8.29E-04,TRUE,TRUE,-0.746,-0.373,0.373
PTPRZ,P23471,8.84E-06,0.0168,TRUE,TRUE,-0.673,-0.337,0.337
CRHBP,P24387,3.17E-07,2.18E-04,TRUE,TRUE,-1.85,-0.923,0.923
LAMA1,P25391,2.55E-06,0.00431,TRUE,TRUE,1.16,0.579,-0.579
ITB8,P26012,8.26E-09,2.28E-08,TRUE,TRUE,0.851,0.426,-0.426
PTX3,P26022,2.63E-06,0.00446,TRUE,TRUE,0.652,0.326,-0.326
CO8A1,P27658,1.31E-06,0.00184,TRUE,TRUE,-1.36,-0.678,0.678
PSB9,P28065,2.35E-06,0.00391,TRUE,TRUE,0.718,0.359,-0.359
LYOX,P28300,1.67E-08,2.18E-07,TRUE,TRUE,-0.642,-0.321,0.321
CD34,P28906,9.84E-06,0.0187,TRUE,TRUE,1.47,0.737,-0.737
LMOD1,P29536,5.13E-07,4.73E-04,TRUE,TRUE,-0.603,-0.301,0.301
PML,P29590,1.14E-07,3.13E-05,TRUE,TRUE,0.732,0.366,-0.366
DOPD,A6NHG4,6.48E-06,0.0124,TRUE,TRUE,0.781,0.39,-0.39
GSTT1,P30711,5.23E-10,1.44E-13,TRUE,TRUE,-2.6,-1.3,1.3
RIR2,P31350,2.15E-09,1.37E-10,TRUE,TRUE,-1,-0.5,0.5
GBP1,Q9H0R5,5.34E-07,5.03E-04,TRUE,TRUE,0.8,0.4,-0.4
GBP2,P32456,9.33E-06,0.0177,TRUE,TRUE,0.613,0.307,-0.307
ACSL1,P33121,1.30E-05,0.0241,TRUE,TRUE,0.614,0.307,-0.307
GBRA3,P34903,6.05E-06,0.0116,TRUE,TRUE,0.903,0.452,-0.452
RL22,P35268,5.59E-06,0.0107,TRUE,TRUE,0.698,0.349,-0.349
TSP2,P35442,5.73E-07,5.61E-04,TRUE,TRUE,1.05,0.527,-0.527
CBS,P35520,5.70E-08,6.52E-06,TRUE,TRUE,-0.914,-0.457,0.457
TIMP3,P35625,1.65E-05,0.0299,TRUE,TRUE,0.907,0.453,-0.453
CH3L1,P36222,2.02E-12,5.40E-14,TRUE,TRUE,3.43,1.71,-1.71
FDFT,P37268,3.92E-08,2.55E-06,TRUE,TRUE,-1.23,-0.616,0.616
CAPG,P40121,1.26E-07,3.84E-05,TRUE,TRUE,0.775,0.388,-0.388
GRIA1,P42261,5.62E-06,0.0107,TRUE,TRUE,-0.819,-0.41,0.41
AK1C3,Q04828,8.52E-08,1.70E-05,TRUE,TRUE,0.911,0.455,-0.455
EAA1,P43003,4.26E-10,5.40E-14,TRUE,TRUE,2.05,1.03,-1.03
EAA2,P43004,1.37E-05,0.0254,TRUE,TRUE,1.54,0.772,-0.772
SATT,P43007,6.52E-06,0.0125,TRUE,TRUE,-0.71,-0.355,0.355
MUC18,P43121,2.57E-08,7.98E-07,TRUE,TRUE,-0.787,-0.393,0.393
NKX21,P43699,1.58E-10,5.40E-14,TRUE,TRUE,-2.41,-1.21,1.21
KI67,P46013,6.66E-08,9.51E-06,TRUE,TRUE,-0.832,-0.416,0.416
RGR,P47804,1.65E-05,0.0299,TRUE,TRUE,1.91,0.954,-0.954
MAOX,P48163,1.55E-07,5.89E-05,TRUE,TRUE,-0.837,-0.418,0.418
SOX2,P48431,2.75E-06,0.00468,TRUE,TRUE,-0.73,-0.365,0.365
GSH1,P48506,4.60E-09,2.81E-09,TRUE,TRUE,0.856,0.428,-0.428
NEST,P48681,1.03E-06,0.00131,TRUE,TRUE,-0.666,-0.333,0.333
AGRE5,P48960,5.51E-06,0.0105,TRUE,TRUE,0.966,0.483,-0.483
MTHFS,P49914,4.22E-07,3.43E-04,TRUE,TRUE,-0.661,-0.33,0.33
HNMT,P50135,5.41E-07,5.13E-04,TRUE,TRUE,1.26,0.632,-0.632
GBG4,P50150,2.66E-07,1.61E-04,TRUE,TRUE,-2.69,-1.35,1.35
MMP14,P50281,6.73E-06,0.0129,TRUE,TRUE,0.588,0.294,-0.294
AT1A2,P50993,7.18E-06,0.0137,TRUE,TRUE,0.689,0.345,-0.345
GPM6A,P51674,1.24E-05,0.0231,TRUE,TRUE,0.924,0.462,-0.462
6PGD,P52209,6.54E-07,6.87E-04,TRUE,TRUE,-0.689,-0.345,0.345
GDIR2,P52566,2.62E-07,1.57E-04,TRUE,TRUE,1.14,0.571,-0.571
EFNB2,P52799,2.94E-05,0.0483,TRUE,TRUE,-0.597,-0.299,0.299
LAMB2,P55268,7.32E-09,1.54E-08,TRUE,TRUE,0.971,0.486,-0.486
UBS3A,P57075,3.22E-06,0.00566,TRUE,TRUE,0.725,0.362,-0.362
STX1B,P61266,5.58E-08,6.21E-06,TRUE,TRUE,0.872,0.436,-0.436
TGFB2,P61812,3.33E-07,2.36E-04,TRUE,TRUE,-0.838,-0.419,0.419
CXAR,P78310,3.89E-07,3.03E-04,TRUE,TRUE,-1.2,-0.601,0.601
SHPS1,P78324,2.07E-06,0.00334,TRUE,TRUE,0.626,0.313,-0.313
GSTO1,P78417,4.93E-06,0.00935,TRUE,TRUE,0.598,0.299,-0.299
JAG1,P78504,2.70E-07,1.65E-04,TRUE,TRUE,-0.725,-0.363,0.363
GABT,P80404,3.72E-08,2.23E-06,TRUE,TRUE,-0.766,-0.383,0.383
MXRA7,P84157,1.95E-05,0.0342,TRUE,TRUE,-1.14,-0.568,0.568
VLDLR,P98155,4.01E-07,3.17E-04,TRUE,TRUE,-1.42,-0.71,0.71
RUNX1,Q01196,9.93E-09,4.12E-08,TRUE,TRUE,0.643,0.321,-0.321
APBA1,Q02410,1.13E-06,0.0015,TRUE,TRUE,-1.07,-0.534,0.534
CALD1,Q05682,5.95E-07,5.96E-04,TRUE,TRUE,-0.632,-0.316,0.316
PAX8,Q06710,7.20E-06,0.0138,TRUE,TRUE,1.59,0.796,-0.796
QOR,Q08257,4.25E-10,5.40E-14,TRUE,TRUE,-0.988,-0.494,0.494
MFGM,Q08431,8.44E-13,5.40E-14,TRUE,TRUE,-1.76,-0.881,0.881
KIF1A,Q12756,1.72E-07,7.30E-05,TRUE,TRUE,-0.674,-0.337,0.337
TIAM1,Q13009,2.26E-06,0.00373,TRUE,TRUE,0.677,0.339,-0.339
IQGA2,Q13576,4.25E-06,0.0079,TRUE,TRUE,-0.767,-0.383,0.383
FHL1,Q13642,1.04E-06,0.00133,TRUE,TRUE,0.922,0.461,-0.461
RIN1,Q13671,5.06E-07,4.63E-04,TRUE,TRUE,0.751,0.375,-0.375
ITA7,Q13683,7.93E-11,5.40E-14,TRUE,TRUE,1.1,0.548,-0.548
SHRM2,Q13796,3.34E-08,1.67E-06,TRUE,TRUE,-0.839,-0.42,0.42
KGP1,Q13976,2.29E-05,0.0394,TRUE,TRUE,0.746,0.373,-0.373
IL18,Q14116,1.14E-11,5.40E-14,TRUE,TRUE,-2.59,-1.3,1.3
PDE1C,Q14123,1.91E-07,8.96E-05,TRUE,TRUE,-0.621,-0.31,0.31
LPIN1,Q14693,1.91E-05,0.0337,TRUE,TRUE,0.66,0.33,-0.33
LTBP1,Q14766,3.44E-07,2.50E-04,TRUE,TRUE,-0.705,-0.353,0.353
LTBP2,Q14767,8.37E-09,2.37E-08,TRUE,TRUE,1.27,0.635,-0.635
NFIX,Q14938,2.05E-08,4.08E-07,TRUE,TRUE,1.02,0.51,-0.51
HECAM,Q14CZ8,1.09E-05,0.0206,TRUE,TRUE,0.904,0.452,-0.452
POSTN,Q15063,3.43E-11,5.40E-14,TRUE,TRUE,1.87,0.937,-0.937
PCOC1,Q15113,2.26E-06,0.00374,TRUE,TRUE,1.86,0.928,-0.928
PLCB4,Q15147,2.25E-07,1.21E-04,TRUE,TRUE,-1.07,-0.535,0.535
NADC,Q15274,3.60E-06,0.00649,TRUE,TRUE,-1.08,-0.539,0.539
MK11,Q15759,2.68E-06,0.00455,TRUE,TRUE,0.906,0.453,-0.453
MSMO1,Q15800,1.56E-06,0.00233,TRUE,TRUE,-0.962,-0.481,0.481
STXB2,Q15833,5.26E-08,5.39E-06,TRUE,TRUE,-1.05,-0.525,0.525
AINX,Q16352,2.97E-11,5.40E-14,TRUE,TRUE,-1.25,-0.627,0.627
MAON,Q16798,1.82E-07,8.16E-05,TRUE,TRUE,-1.07,-0.534,0.534
RTN1,Q16799,2.40E-12,5.40E-14,TRUE,TRUE,1.79,0.896,-0.896
CGT,Q16880,2.88E-06,0.00493,TRUE,TRUE,0.909,0.454,-0.454
T132A,Q24JP5,3.71E-06,0.00674,TRUE,TRUE,-0.591,-0.295,0.295
DRB5,Q30154,2.84E-13,5.40E-14,TRUE,TRUE,-5.03,-2.52,2.52
EMAL3,Q32P44,1.33E-08,1.05E-07,TRUE,TRUE,0.731,0.366,-0.366
NAKD2,Q4G0N4,2.29E-05,0.0394,TRUE,TRUE,0.819,0.41,-0.41
OCAD2,Q56VL3,1.28E-07,3.92E-05,TRUE,TRUE,-1.17,-0.584,0.584
K1755,Q5JYT7,2.73E-06,0.00465,TRUE,TRUE,0.871,0.436,-0.436
NHSL1,Q5SYE7,7.81E-06,0.0149,TRUE,TRUE,0.639,0.319,-0.319
S35F1,Q5T1Q4,2.60E-05,0.0438,TRUE,TRUE,-1.37,-0.687,0.687
MRCKA,Q5VT25,2.08E-07,1.05E-04,TRUE,TRUE,0.638,0.319,-0.319
KANK2,Q63ZY3,2.98E-09,5.26E-10,TRUE,TRUE,0.728,0.364,-0.364
TENS3,Q68CZ2,3.08E-06,0.00535,TRUE,TRUE,-0.703,-0.352,0.352
PKHA7,Q6IQ23,5.00E-06,0.00948,TRUE,TRUE,-0.608,-0.304,0.304
GLT17,Q6IS24,1.65E-09,4.27E-11,TRUE,TRUE,-0.961,-0.481,0.481
TEN4,Q6N022,5.82E-10,2.21E-13,TRUE,TRUE,0.869,0.435,-0.435
VWA1,Q6PCB0,1.81E-06,0.00282,TRUE,TRUE,0.89,0.445,-0.445
PSRC1,Q6PGN9,1.58E-06,0.00238,TRUE,TRUE,0.587,0.294,-0.294
PAMR1,Q6UXH9,1.30E-05,0.0241,TRUE,TRUE,0.766,0.383,-0.383
LRRN1,Q6UXK5,3.86E-07,2.99E-04,TRUE,TRUE,0.657,0.329,-0.329
RFIP1,Q6WKZ4,8.05E-11,5.40E-14,TRUE,TRUE,-1.61,-0.804,0.804
PNCB,Q6XQN6,3.72E-07,2.82E-04,TRUE,TRUE,1.12,0.559,-0.559
CD109,Q6YHK3,6.64E-09,1.10E-08,TRUE,TRUE,0.745,0.373,-0.373
KAT3,Q6YP21,4.36E-10,5.40E-14,TRUE,TRUE,-1.3,-0.65,0.65
SYNE3,Q6ZMZ3,1.04E-06,0.00132,TRUE,TRUE,0.689,0.344,-0.344
RFLA,Q6ZTI6,4.22E-11,5.40E-14,TRUE,TRUE,1.36,0.682,-0.682
TM1L2,Q6ZVM7,3.84E-06,0.00701,TRUE,TRUE,-0.743,-0.372,0.372
DPPA4,Q7L190,5.39E-06,0.0103,TRUE,TRUE,-1.35,-0.673,0.673
ASGL1,Q7L266,1.05E-06,0.00134,TRUE,TRUE,-1.25,-0.626,0.626
NRK,Q7Z2Y5,2.36E-05,0.0404,TRUE,TRUE,-1.36,-0.682,0.682
GLUCM,Q7Z3D6,7.64E-08,1.33E-05,TRUE,TRUE,-0.831,-0.416,0.416
SDK1,Q7Z5N4,1.66E-06,0.00251,TRUE,TRUE,-0.944,-0.472,0.472
CK2N1,Q7Z7J9,7.83E-07,8.86E-04,TRUE,TRUE,1.38,0.69,-0.69
PEG10,Q86TG7,1.42E-10,5.40E-14,TRUE,TRUE,-1.75,-0.876,0.876
NT5D3,Q86UY8,4.50E-06,0.00845,TRUE,TRUE,0.935,0.468,-0.468
IQGA3,Q86VI3,3.86E-07,2.99E-04,TRUE,TRUE,-0.869,-0.435,0.435
LIPB1,Q86W92,1.78E-06,0.00277,TRUE,TRUE,0.747,0.373,-0.373
BPHL,Q86WA6,1.94E-07,9.20E-05,TRUE,TRUE,-0.61,-0.305,0.305
CPNE8,Q86YQ8,9.64E-07,0.0012,TRUE,TRUE,0.86,0.43,-0.43
TMTC1,Q8IUR5,5.33E-07,5.01E-04,TRUE,TRUE,1.24,0.618,-0.618
AHNK2,Q8IVF2,2.51E-07,1.47E-04,TRUE,TRUE,-0.589,-0.294,0.294
S35F3,Q8IY50,1.70E-05,0.0306,TRUE,TRUE,0.76,0.38,-0.38
RDH10,Q8IZV5,8.12E-06,0.0154,TRUE,TRUE,1.22,0.608,-0.608
GUF1,Q8N442,1.91E-07,8.96E-05,TRUE,TRUE,-0.736,-0.368,0.368
AF1L2,Q8N4X5,1.11E-10,5.40E-14,TRUE,TRUE,1.31,0.655,-0.655
ACBD7,Q8N6N7,1.45E-06,0.00211,TRUE,TRUE,-2.2,-1.1,1.1
ANR44,Q8N8A2,1.38E-05,0.0255,TRUE,TRUE,0.8,0.4,-0.4
PMGT2,Q8NAT1,1.86E-05,0.0329,TRUE,TRUE,0.619,0.309,-0.309
SPC24,Q8NBT2,1.81E-05,0.0322,TRUE,TRUE,-0.657,-0.329,0.329
CTL5,Q8NCS7,1.06E-06,0.00135,TRUE,TRUE,-0.924,-0.462,0.462
SLAI1,Q8ND83,9.82E-07,0.00123,TRUE,TRUE,0.695,0.348,-0.348
PEPL1,Q8NDH3,2.82E-07,1.77E-04,TRUE,TRUE,0.592,0.296,-0.296
I17RD,Q8NFM7,8.11E-06,0.0154,TRUE,TRUE,0.907,0.453,-0.453
STXB6,Q8NFX7,1.52E-05,0.0278,TRUE,TRUE,-0.767,-0.383,0.383
SPT20,Q8TB22,1.34E-06,0.0019,TRUE,TRUE,0.59,0.295,-0.295
FAT3,Q8TDW7,8.13E-07,9.36E-04,TRUE,TRUE,-0.98,-0.49,0.49
ATS16,Q8TE57,4.09E-07,3.27E-04,TRUE,TRUE,-1.33,-0.665,0.665
SNED1,Q8TER0,1.11E-08,5.78E-08,TRUE,TRUE,2.02,1.01,-1.01
UBS3B,Q8TF42,8.18E-06,0.0155,TRUE,TRUE,0.756,0.378,-0.378
LRC15,Q8TF66,3.18E-07,2.19E-04,TRUE,TRUE,-2.02,-1.01,1.01
SHRM3,Q8TF72,2.48E-07,1.43E-04,TRUE,TRUE,-0.815,-0.408,0.408
CEMIP,Q8WUJ3,9.34E-07,0.00114,TRUE,TRUE,-0.645,-0.322,0.322
PRUN2,Q8WUY3,2.20E-09,1.51E-10,TRUE,TRUE,0.782,0.391,-0.391
PPR1C,Q8WVI7,1.18E-06,0.0016,TRUE,TRUE,-1.26,-0.631,0.631
CYGB,Q8WWM9,9.25E-09,3.30E-08,TRUE,TRUE,1.48,0.738,-0.738
SIA8B,Q92186,1.38E-05,0.0254,TRUE,TRUE,-1.15,-0.574,0.574
08-Sep,Q92599,4.00E-07,3.16E-04,TRUE,TRUE,0.657,0.329,-0.329
RIFK,Q969G6,1.66E-06,0.00252,TRUE,TRUE,0.662,0.331,-0.331
NEIL2,Q969S2,3.72E-07,2.82E-04,TRUE,TRUE,1.17,0.584,-0.584
CPNE4,Q96A23,1.11E-07,3.01E-05,TRUE,TRUE,-0.959,-0.479,0.479
CHP3,Q96BS2,3.16E-09,6.61E-10,TRUE,TRUE,-2.2,-1.1,1.1
EFHD2,Q96C19,1.62E-10,5.40E-14,TRUE,TRUE,1.38,0.692,-0.692
HVCN1,Q96D96,2.38E-06,0.00397,TRUE,TRUE,0.742,0.371,-0.371
MMAB,Q96EY8,3.13E-09,6.37E-10,TRUE,TRUE,1.14,0.572,-0.572
BICD1,Q96G01,2.28E-09,1.75E-10,TRUE,TRUE,-0.763,-0.382,0.382
AURKB,Q96GD4,2.87E-06,0.00491,TRUE,TRUE,-0.836,-0.418,0.418
SFRP2,Q96HF1,2.51E-06,0.00423,TRUE,TRUE,1.44,0.718,-0.718
ABHEB,Q96IU4,1.01E-05,0.0192,TRUE,TRUE,1.18,0.589,-0.589
MEG10,Q96KG7,8.38E-09,2.38E-08,TRUE,TRUE,1.51,0.755,-0.755
LRAT2,Q96KN1,5.69E-10,2.21E-13,TRUE,TRUE,-1.42,-0.708,0.708
CNO6L,Q96LI5,4.47E-06,0.00837,TRUE,TRUE,-0.634,-0.317,0.317
SPT33,Q96N06,1.16E-06,0.00155,TRUE,TRUE,0.905,0.452,-0.452
ARX,Q96QS3,4.17E-06,0.00773,TRUE,TRUE,1.49,0.746,-0.746
HHIP,Q96QV1,5.37E-10,1.44E-13,TRUE,TRUE,1.01,0.507,-0.507
SL9A7,Q96T83,2.08E-05,0.0362,TRUE,TRUE,-0.644,-0.322,0.322
UHRF1,Q96T88,2.75E-06,0.00468,TRUE,TRUE,-0.71,-0.355,0.355
ACOX2,Q99424,1.43E-06,0.00207,TRUE,TRUE,0.689,0.344,-0.344
CPNE1,Q99829,6.77E-07,7.23E-04,TRUE,TRUE,0.679,0.339,-0.339
PKP2,Q99959,1.26E-10,5.40E-14,TRUE,TRUE,-1.39,-0.696,0.696
DPYL5,Q9BPU6,5.49E-10,1.84E-13,TRUE,TRUE,-1.42,-0.712,0.712
HEPH,Q9BQS7,2.45E-10,5.40E-14,TRUE,TRUE,1.92,0.96,-0.96
NTPCR,Q9BSD7,1.62E-06,0.00245,TRUE,TRUE,0.631,0.316,-0.316
HDHD3,Q9BSH5,2.22E-05,0.0383,TRUE,TRUE,-0.668,-0.334,0.334
PIMRE,Q9BSJ6,2.65E-05,0.0445,TRUE,TRUE,-1.07,-0.533,0.533
DUS23,Q9BVJ7,1.00E-07,2.42E-05,TRUE,TRUE,1.08,0.542,-0.542
KIFC1,Q9BW19,1.07E-07,2.79E-05,TRUE,TRUE,-0.733,-0.367,0.367
SRBS1,Q9BX66,2.48E-10,5.40E-14,TRUE,TRUE,1.09,0.546,-0.546
ANGL4,Q9BY76,3.31E-07,2.34E-04,TRUE,TRUE,0.813,0.406,-0.406
CNTP3,Q96NU0,3.27E-11,5.40E-14,TRUE,TRUE,1.36,0.681,-0.681
OSBL6,Q9BZF3,1.91E-07,8.91E-05,TRUE,TRUE,-0.673,-0.336,0.336
NIBA1,Q9BZQ8,5.37E-10,1.44E-13,TRUE,TRUE,1.39,0.695,-0.695
TRIM9,Q9C026,8.27E-08,1.59E-05,TRUE,TRUE,-0.706,-0.353,0.353
CYTM1,Q9H1C7,2.13E-06,0.00346,TRUE,TRUE,-0.665,-0.332,0.332
GHC2,Q9H1K4,2.65E-06,0.0045,TRUE,TRUE,0.772,0.386,-0.386
PPIL3,Q9H2H8,2.69E-06,0.00457,TRUE,TRUE,-1.02,-0.508,0.508
GAPR1,Q9H4G4,4.08E-07,3.25E-04,TRUE,TRUE,-0.692,-0.346,0.346
PRR36,Q9H6K5,1.20E-07,3.50E-05,TRUE,TRUE,-1.24,-0.618,0.618
RETR1,Q9H6L5,2.91E-06,0.005,TRUE,TRUE,-0.85,-0.425,0.425
DCTP1,Q9H773,3.07E-06,0.00532,TRUE,TRUE,0.719,0.36,-0.36
SYP2L,Q9H987,1.47E-05,0.027,TRUE,TRUE,0.865,0.433,-0.433
AGRL4,Q9HBW9,7.14E-07,7.79E-04,TRUE,TRUE,0.709,0.354,-0.354
GDPD2,Q9HCC8,6.56E-10,4.74E-13,TRUE,TRUE,1.84,0.922,-0.922
CPNE5,Q9HCH3,1.08E-08,5.26E-08,TRUE,TRUE,1.79,0.894,-0.894
VAT1L,Q9HCJ6,9.33E-09,3.39E-08,TRUE,TRUE,-1.11,-0.553,0.553
PLXA4,O75051,7.57E-07,8.46E-04,TRUE,TRUE,1.09,0.547,-0.547
IL1AP,Q9NPH3,7.10E-10,6.74E-13,TRUE,TRUE,-1.25,-0.627,0.627
GPC5C,Q9NQ84,1.28E-06,0.00177,TRUE,TRUE,1.83,0.916,-0.916
ANLN,Q9NQW6,1.04E-06,0.00133,TRUE,TRUE,-0.614,-0.307,0.307
S17A5,Q9NRA2,1.99E-06,0.00318,TRUE,TRUE,-1.06,-0.531,0.531
LTBP3,Q9NS15,2.64E-07,1.59E-04,TRUE,TRUE,0.898,0.449,-0.449
DECR2,Q9NUI1,2.60E-06,0.0044,TRUE,TRUE,-0.759,-0.38,0.38
SPTC3,Q9NUV7,6.76E-07,7.21E-04,TRUE,TRUE,1.15,0.574,-0.574
TMLH,Q9NVH6,4.33E-08,3.30E-06,TRUE,TRUE,-0.757,-0.379,0.379
FANCI,Q9NVI1,1.11E-06,0.00146,TRUE,TRUE,-0.735,-0.367,0.367
CELR1,Q9NYQ6,2.58E-05,0.0435,TRUE,TRUE,-0.618,-0.309,0.309
IF2B1,Q9NZI8,1.81E-06,0.00282,TRUE,TRUE,-0.749,-0.374,0.374
EHD3,Q9NZN3,8.44E-07,9.89E-04,TRUE,TRUE,0.733,0.366,-0.366
FLRT3,Q9NZU0,1.12E-05,0.0211,TRUE,TRUE,-0.599,-0.299,0.299
MTRR,Q9UBK8,1.65E-05,0.0298,TRUE,TRUE,0.666,0.333,-0.333
GULP1,Q9UBP9,4.34E-09,2.27E-09,TRUE,TRUE,-0.813,-0.407,0.407
NPS3A,Q9BS92,1.65E-07,6.73E-05,TRUE,TRUE,-1.09,-0.546,0.546
SEP3,Q9UH03,7.66E-07,8.59E-04,TRUE,TRUE,-0.733,-0.367,0.367
ATS1,Q9UHI8,2.88E-05,0.0476,TRUE,TRUE,0.829,0.414,-0.414
BORG2,Q9UKI2,5.90E-06,0.0113,TRUE,TRUE,0.695,0.348,-0.348
ALK,Q9UM73,2.48E-08,7.15E-07,TRUE,TRUE,-1.43,-0.716,0.716
XCT,Q9UPY5,4.83E-08,4.35E-06,TRUE,TRUE,-1.23,-0.613,0.613
E41L3,Q9Y2J2,4.46E-09,2.52E-09,TRUE,TRUE,-0.723,-0.361,0.361
MTO1,Q9Y2Z2,5.14E-06,0.00977,TRUE,TRUE,0.797,0.398,-0.398
UB2J1,Q9Y385,1.03E-06,0.00131,TRUE,TRUE,-0.643,-0.321,0.321
STA13,Q9Y3M8,1.67E-06,0.00254,TRUE,TRUE,-0.695,-0.348,0.348
PLXD1,Q9Y4D7,2.84E-11,5.40E-14,TRUE,TRUE,-1.43,-0.717,0.717
TIM9,Q9Y5J7,2.61E-05,0.0439,TRUE,TRUE,1.72,0.86,-0.86
ENTP2,Q9Y5L3,5.74E-06,0.011,TRUE,TRUE,1.17,0.586,-0.586
JAM1,Q9Y624,5.44E-07,5.17E-04,TRUE,TRUE,-0.815,-0.407,0.407
EMIL1,Q9Y6C2,1.88E-07,8.66E-05,TRUE,TRUE,0.771,0.386,-0.386
ENPP4,Q9Y6X5,6.16E-06,0.0118,TRUE,TRUE,0.795,0.398,-0.398
